-- phpMyAdmin SQL Dump
-- version 5.2.3
-- https://www.phpmyadmin.net/
--
-- Host: db
-- Generation Time: Mar 09, 2026 at 08:15 PM
-- Server version: 9.5.0
-- PHP Version: 8.3.26

SET SQL_MODE = "NO_AUTO_VALUE_ON_ZERO";
START TRANSACTION;
SET time_zone = "+00:00";


/*!40101 SET @OLD_CHARACTER_SET_CLIENT=@@CHARACTER_SET_CLIENT */;
/*!40101 SET @OLD_CHARACTER_SET_RESULTS=@@CHARACTER_SET_RESULTS */;
/*!40101 SET @OLD_COLLATION_CONNECTION=@@COLLATION_CONNECTION */;
/*!40101 SET NAMES utf8mb4 */;

--
-- Database: `sodium_tracking`
--

-- --------------------------------------------------------

--
-- Table structure for table `daily_logs`
--

CREATE TABLE `daily_logs` (
  `log_id` int NOT NULL,
  `user_id` int DEFAULT NULL,
  `log_date` date NOT NULL,
  `total_sodium_daily` int DEFAULT '0',
  `is_point_given` tinyint(1) DEFAULT '0'
) ENGINE=InnoDB DEFAULT CHARSET=utf8mb4 COLLATE=utf8mb4_0900_ai_ci;

-- --------------------------------------------------------

--
-- Table structure for table `foods`
--

CREATE TABLE `foods` (
  `food_id` int NOT NULL,
  `food_name` varchar(100) NOT NULL,
  `sodium_mg` int NOT NULL,
  `location_id` int NOT NULL,
  `has_restaurant` tinyint(1) NOT NULL DEFAULT '0',
  `restaurant_id` int DEFAULT NULL,
  `description` text,
  `created_at` timestamp NULL DEFAULT CURRENT_TIMESTAMP,
  `food_image` varchar(255) DEFAULT 'default-food.png'
) ENGINE=InnoDB DEFAULT CHARSET=utf8mb4 COLLATE=utf8mb4_0900_ai_ci;

--
-- Dumping data for table `foods`
--

INSERT INTO `foods` (`food_id`, `food_name`, `sodium_mg`, `location_id`, `has_restaurant`, `restaurant_id`, `description`, `created_at`, `food_image`) VALUES
(1, 'แกงเขียวหวานปลากราย', 1050, 1, 1, 1, 'ร้านภาคกลาง', '2026-03-09 17:58:37', '1-1-1.png'),
(2, 'แกงจืดหมู', 600, 1, 1, 1, 'ร้านภาคกลาง', '2026-03-09 17:58:37', '1-1-2.png'),
(3, 'ผัดหอยลาย', 1600, 1, 1, 1, 'ร้านภาคกลาง', '2026-03-09 17:58:37', '1-1-3.png'),
(4, 'ปลาเก๋าลุยสวน', 800, 1, 1, 1, 'ร้านภาคกลาง', '2026-03-09 17:58:37', '1-1-4.png'),
(5, 'หมูก้อนทอด', 800, 1, 1, 1, 'ร้านภาคกลาง', '2026-03-09 17:58:37', '1-1-5.png'),
(6, 'ไส้กรอกทอด', 1050, 1, 1, 1, 'ร้านภาคกลาง', '2026-03-09 17:58:37', '1-1-6.png'),
(7, 'ไชโป๊วผัดไข่', 1350, 1, 1, 1, 'ร้านภาคกลาง', '2026-03-09 17:58:37', '1-1-7.png'),
(8, 'ห่อหมก', 700, 1, 1, 1, 'ร้านภาคกลาง', '2026-03-09 17:58:37', '1-1-8.png'),
(9, 'ทอดมันปลากราย', 800, 1, 1, 1, 'ร้านภาคกลาง', '2026-03-09 17:58:37', '1-1-9.png'),
(10, 'แกงไตปลา', 2100, 1, 1, 1, 'ร้านภาคกลาง', '2026-03-09 17:58:37', '1-1-10.png'),
(11, 'ผัดพริกเผา', 1150, 1, 1, 2, 'ตามสั่งลุง', '2026-03-09 17:58:37', 'default-food.png'),
(12, 'ผัดพริกแกง', 1100, 1, 1, 2, 'ตามสั่งลุง', '2026-03-09 17:58:37', 'default-food.png'),
(13, 'หมึกผัดไข่เค็ม', 1300, 1, 1, 2, 'ตามสั่งลุง', '2026-03-09 17:58:37', 'default-food.png'),
(14, 'แกงจืดหมู', 600, 1, 1, 2, 'ตามสั่งลุง', '2026-03-09 17:58:37', 'default-food.png'),
(15, 'มักกะโรนี', 900, 1, 1, 2, 'ตามสั่งลุง', '2026-03-09 17:58:37', 'default-food.png'),
(16, 'ผัดผักบุ้งไฟแดง', 1000, 1, 1, 2, 'ตามสั่งลุง', '2026-03-09 17:58:37', 'default-food.png'),
(17, 'ผัดผงกะหรี่', 1050, 1, 1, 2, 'ตามสั่งลุง', '2026-03-09 17:58:37', 'default-food.png'),
(18, 'ผัดซีอิ๊ว', 1400, 1, 1, 2, 'ตามสั่งลุง', '2026-03-09 17:58:37', 'default-food.png'),
(19, 'กะเพรา', 1200, 1, 1, 2, 'ตามสั่งลุง', '2026-03-09 17:58:37', 'default-food.png'),
(20, 'ต้มยำ', 1100, 1, 1, 2, 'ตามสั่งลุง', '2026-03-09 17:58:37', 'default-food.png'),
(21, 'คะน้าหมูกรอบ', 1250, 1, 1, 2, 'ตามสั่งลุง', '2026-03-09 17:58:37', 'default-food.png'),
(22, 'ข้าวผัดต้มยำ', 1300, 1, 1, 2, 'ตามสั่งลุง', '2026-03-09 17:58:37', 'default-food.png'),
(23, 'สุกี้', 1500, 1, 1, 2, 'ตามสั่งลุง', '2026-03-09 17:58:37', 'default-food.png'),
(24, 'ข้าวผัด', 1050, 1, 1, 2, 'ตามสั่งลุง', '2026-03-09 17:58:37', 'default-food.png'),
(25, 'ข้าวมันไก่ต้ม', 1300, 1, 1, 3, 'ข้าวมันไก่', '2026-03-09 17:58:37', 'default-food.png'),
(26, 'ข้าวมันไก่ทอด', 1450, 1, 1, 3, 'ข้าวมันไก่', '2026-03-09 17:58:37', 'default-food.png'),
(27, 'ข้าวมันไก่ผสม', 1400, 1, 1, 3, 'ข้าวมันไก่', '2026-03-09 17:58:37', 'default-food.png'),
(28, 'ข้าวหมกไก่', 1100, 1, 1, 3, 'ข้าวมันไก่', '2026-03-09 17:58:37', 'default-food.png'),
(29, 'ข้าวหมกมัสมั่น', 1200, 1, 1, 3, 'ข้าวมันไก่', '2026-03-09 17:58:37', 'default-food.png'),
(30, 'ข้าวหมกแกงกะหรี่', 1150, 1, 1, 3, 'ข้าวมันไก่', '2026-03-09 17:58:37', 'default-food.png'),
(31, 'ข้าวยำไก่แซ่บ', 1350, 1, 1, 3, 'ข้าวมันไก่', '2026-03-09 17:58:37', 'default-food.png'),
(32, 'ข้าวหน้าไก่', 1250, 1, 1, 3, 'ข้าวมันไก่', '2026-03-09 17:58:37', 'default-food.png'),
(33, 'ข้าวไก่ต้มน้ำปลา', 1400, 1, 1, 3, 'ข้าวมันไก่', '2026-03-09 17:58:37', 'default-food.png'),
(34, 'เย็นตาโฟ', 1600, 1, 1, 4, 'ก๋วยเตี๋ยวป้า', '2026-03-09 17:58:37', 'default-food.png'),
(35, 'ต้มยำหมูเด้ง', 1400, 1, 1, 4, 'ก๋วยเตี๋ยวป้า', '2026-03-09 17:58:37', 'default-food.png'),
(36, 'บะหมี่เกี๊ยวแห้ง', 1300, 1, 1, 4, 'ก๋วยเตี๋ยวป้า', '2026-03-09 17:58:37', 'default-food.png'),
(37, 'บะหมี่เกี๊ยวต้มยำ', 1350, 1, 1, 4, 'ก๋วยเตี๋ยวป้า', '2026-03-09 17:58:37', 'default-food.png'),
(38, 'ข้าวหมูแดงหมูกรอบ', 1450, 1, 1, 4, 'ก๋วยเตี๋ยวป้า', '2026-03-09 17:58:37', 'default-food.png'),
(39, 'ข้าวหมูกรอบ', 1400, 1, 1, 4, 'ก๋วยเตี๋ยวป้า', '2026-03-09 17:58:37', 'default-food.png'),
(40, 'ข้าวหมูแดง', 1300, 1, 1, 4, 'ก๋วยเตี๋ยวป้า', '2026-03-09 17:58:37', 'default-food.png'),
(41, 'เกี๊ยวต้มยำ', 1350, 1, 1, 4, 'ก๋วยเตี๋ยวป้า', '2026-03-09 17:58:37', 'default-food.png'),
(42, 'ยำเกี๊ยวกรอบ', 1250, 1, 1, 4, 'ก๋วยเตี๋ยวป้า', '2026-03-09 17:58:37', 'default-food.png'),
(43, 'ยากิโซบะหมู', 1250, 1, 1, 5, 'ร้านสเต๊ก', '2026-03-09 17:58:37', 'default-food.png'),
(44, 'ผัดไทยกุ้งสด', 1100, 1, 1, 5, 'ร้านสเต๊ก', '2026-03-09 17:58:37', 'default-food.png'),
(45, 'กระเพราไก่กรอบ', 1350, 1, 1, 5, 'ร้านสเต๊ก', '2026-03-09 17:58:37', 'default-food.png'),
(46, 'สลัดไก่กรอบ', 900, 1, 1, 5, 'ร้านสเต๊ก', '2026-03-09 17:58:37', 'default-food.png'),
(47, 'สเต็กหมู', 950, 1, 1, 5, 'ร้านสเต๊ก', '2026-03-09 17:58:37', 'default-food.png'),
(48, 'ซุปมักกะโรนีหมูสับ', 650, 1, 1, 5, 'ร้านสเต๊ก', '2026-03-09 17:58:37', 'default-food.png'),
(49, 'สปาเกตตีไวท์ซอสเบคอน', 1050, 1, 1, 5, 'ร้านสเต๊ก', '2026-03-09 17:58:37', 'default-food.png'),
(50, 'สปาเกตตีขี้เมาทะเล ', 1300, 1, 1, 5, 'ร้านสเต๊ก', '2026-03-09 17:58:37', 'default-food.png'),
(51, 'สปาเกตตีซอสมะเขือเทศหมูสับ', 980, 1, 1, 5, 'ร้านสเต๊ก', '2026-03-09 17:58:37', 'default-food.png'),
(52, 'ข้าวหน้าไก่ย่าง', 880, 1, 1, 5, 'ร้านสเต๊ก', '2026-03-09 17:58:37', 'default-food.png'),
(53, 'ข้าวหน้าไก่เทอริยากิ', 1200, 1, 1, 5, 'ร้านสเต๊ก', '2026-03-09 17:58:37', 'default-food.png'),
(54, 'ข้าวผัดกระเทียมไก่กรอบ ', 1150, 1, 1, 5, 'ร้านสเต๊ก', '2026-03-09 17:58:37', 'default-food.png'),
(55, 'ขนมจีนน้ำยากะทิลูกชิ้นปลา', 980, 1, 1, 6, 'ร้านขนมจีน', '2026-03-09 17:58:37', 'default-food.png'),
(56, 'ขนมจีนน้ำยาป่าลูกชิ้นปลา', 1050, 1, 1, 6, 'ร้านขนมจีน', '2026-03-09 17:58:37', 'default-food.png'),
(57, 'ขนมจีนน้ำเงี้ยวกระดูกหมู', 1120, 1, 1, 6, 'ร้านขนมจีน', '2026-03-09 17:58:37', 'default-food.png'),
(58, 'ขนมจีนแกงเขียวหวาน', 1150, 1, 1, 6, 'ร้านขนมจีน', '2026-03-09 17:58:37', 'default-food.png'),
(59, 'ขนมจีนแกงใต้', 1250, 1, 1, 6, 'ร้านขนมจีน', '2026-03-09 17:58:37', 'default-food.png'),
(60, 'ขนมจีนน้ำพริก', 820, 1, 1, 6, 'ร้านขนมจีน', '2026-03-09 17:58:37', 'default-food.png'),
(61, 'ยำขนมจีน', 950, 1, 1, 6, 'ร้านขนมจีน', '2026-03-09 17:58:37', 'default-food.png'),
(62, 'เมี่ยงปลาทูชุด ', 780, 1, 1, 6, 'ร้านขนมจีน', '2026-03-09 17:58:37', 'default-food.png'),
(63, 'พิซซ่าหน้าฮาวายเอี้ยน', 1400, 1, 1, 7, 'ร้านพิซซ่า', '2026-03-09 17:58:37', 'default-food.png'),
(64, 'พิซซ่าหน้าผักโขมชีส', 1320, 1, 1, 7, 'ร้านพิซซ่า', '2026-03-09 17:58:37', 'default-food.png'),
(65, 'พิซซ่าหน้าดับเบิ้ลชีส', 1550, 1, 1, 7, 'ร้านพิซซ่า', '2026-03-09 17:58:37', 'default-food.png'),
(66, 'พิซซ่าหน้าชิกเก้นดูโอ้', 1480, 1, 1, 7, 'ร้านพิซซ่า', '2026-03-09 17:58:37', 'default-food.png'),
(67, 'พิซซ่าหน้าพอร์คพาเหรด', 1460, 1, 1, 7, 'ร้านพิซซ่า', '2026-03-09 17:58:37', 'default-food.png'),
(68, 'พิซซ่าหน้ามิกซ์สเปเชียล', 1520, 1, 1, 7, 'ร้านพิซซ่า', '2026-03-09 17:58:37', 'default-food.png'),
(69, 'พิซซ่าหน้าซีฟู้ด', 1470, 1, 1, 7, 'ร้านพิซซ่า', '2026-03-09 17:58:37', 'default-food.png'),
(70, 'ไก่นิวออลีน', 1250, 1, 1, 7, 'ร้านพิซซ่า', '2026-03-09 17:58:37', 'default-food.png'),
(71, 'ยำมะม่วง', 520, 1, 1, 8, 'ร้านผลไม้', '2026-03-09 17:58:37', 'default-food.png'),
(72, 'น้ำจิ้มบ๊วย', 450, 1, 1, 8, 'ร้านผลไม้', '2026-03-09 17:58:37', 'default-food.png'),
(73, 'พริกเกลือลาว', 600, 1, 1, 8, 'ร้านผลไม้', '2026-03-09 17:58:37', 'default-food.png'),
(74, 'น้ำปลาหวาน ', 720, 1, 1, 8, 'ร้านผลไม้', '2026-03-09 17:58:37', 'default-food.png'),
(75, 'ต้มเลือดหมู', 1300, 1, 1, 9, 'ร้านพี่เคท', '2026-03-09 17:58:37', 'default-food.png'),
(76, 'ก๋วยเตี๋ยวน้ำตก', 1800, 1, 1, 9, 'ร้านพี่เคท', '2026-03-09 17:58:37', 'default-food.png'),
(77, 'ก๋วยเตี๋ยวน้ำใส', 1600, 1, 1, 9, 'ร้านพี่เคท', '2026-03-09 17:58:37', 'default-food.png'),
(78, 'ก๋วยเตี๋ยมต้มยำ', 2200, 1, 1, 9, 'ร้านพี่เคท', '2026-03-09 17:58:37', 'default-food.png'),
(79, 'ก๋วยจั๊บญวน', 1800, 1, 1, 9, 'ร้านพี่เคท', '2026-03-09 17:58:37', 'default-food.png'),
(80, 'ยำรวมมิตร', 2000, 1, 1, 9, 'ร้านพี่เคท', '2026-03-09 17:58:37', 'default-food.png'),
(81, 'ตำไทย', 1200, 1, 1, 10, 'ร้านส้มตำ', '2026-03-09 17:58:37', 'default-food.png'),
(82, 'ตำไทยไข่เค็ม', 1700, 1, 1, 10, 'ร้านส้มตำ', '2026-03-09 17:58:37', 'default-food.png'),
(83, 'ตำข้าวโพด', 900, 1, 1, 10, 'ร้านส้มตำ', '2026-03-09 17:58:37', 'default-food.png'),
(84, 'ตำปูปลาร้า', 1800, 1, 1, 10, 'ร้านส้มตำ', '2026-03-09 17:58:37', 'default-food.png'),
(85, 'ตำซั่ว', 1400, 1, 1, 10, 'ร้านส้มตำ', '2026-03-09 17:58:37', 'default-food.png'),
(86, 'ตำหมูยอ', 1600, 1, 1, 10, 'ร้านส้มตำ', '2026-03-09 17:58:37', 'default-food.png'),
(87, 'ตับหวาน', 1500, 1, 1, 10, 'ร้านส้มตำ', '2026-03-09 17:58:37', 'default-food.png'),
(88, 'น้ำตกหมู', 1100, 1, 1, 10, 'ร้านส้มตำ', '2026-03-09 17:58:37', 'default-food.png'),
(89, 'ตำแตง', 800, 1, 1, 10, 'ร้านส้มตำ', '2026-03-09 17:58:37', 'default-food.png'),
(90, 'ตำขนมจีน', 1300, 1, 1, 10, 'ร้านส้มตำ', '2026-03-09 17:58:37', 'default-food.png'),
(91, 'ตำหอยดอง', 1700, 1, 1, 10, 'ร้านส้มตำ', '2026-03-09 17:58:37', 'default-food.png'),
(92, 'ซุปหน่อไม้', 900, 1, 1, 10, 'ร้านส้มตำ', '2026-03-09 17:58:37', 'default-food.png'),
(93, 'ตำโคราช', 1400, 1, 1, 10, 'ร้านส้มตำ', '2026-03-09 17:58:37', 'default-food.png'),
(94, 'เฟรนฟราย', 800, 1, 1, 11, 'ร้านน้ำ+ของทอด', '2026-03-09 17:58:37', 'default-food.png'),
(95, 'นักเก็ต', 700, 1, 1, 11, 'ร้านน้ำ+ของทอด', '2026-03-09 17:58:37', 'default-food.png'),
(96, 'ไก่จ๊อ', 600, 1, 1, 11, 'ร้านน้ำ+ของทอด', '2026-03-09 17:58:37', 'default-food.png'),
(97, 'ชีทบอล', 900, 1, 1, 11, 'ร้านน้ำ+ของทอด', '2026-03-09 17:58:37', 'default-food.png'),
(98, 'ไส้กรอกชีท', 1000, 1, 1, 11, 'ร้านน้ำ+ของทอด', '2026-03-09 17:58:37', 'default-food.png'),
(99, 'สเต็กหมูดั้งเดิม', 900, 2, 1, 12, 'ร้านสเต็ก', '2026-03-09 17:58:37', 'default-food.png'),
(100, 'สเต็กหมูพริกไทยดำ', 1000, 2, 1, 12, 'ร้านสเต็ก', '2026-03-09 17:58:37', 'default-food.png'),
(101, 'สเต็กหมูบาร์บีคิว', 1100, 2, 1, 12, 'ร้านสเต็ก', '2026-03-09 17:58:37', 'default-food.png'),
(102, 'สเต็กหมูทงคัตสึ', 1250, 2, 1, 12, 'ร้านสเต็ก', '2026-03-09 17:58:37', 'default-food.png'),
(103, 'พอร์คชอปพริกไทยดำ', 1100, 2, 1, 12, 'ร้านสเต็ก', '2026-03-09 17:58:37', 'default-food.png'),
(104, 'สเต็กอกไก่พริกไทยดำ', 900, 2, 1, 12, 'ร้านสเต็ก', '2026-03-09 17:58:37', 'default-food.png'),
(105, 'สเต็กไก่ดั้งเดิม', 850, 2, 1, 12, 'ร้านสเต็ก', '2026-03-09 17:58:37', 'default-food.png'),
(106, 'สเต็กไก่สไปซี่', 1000, 2, 1, 12, 'ร้านสเต็ก', '2026-03-09 17:58:37', 'default-food.png'),
(107, 'สเต็กไก่พริกไทยดำ', 950, 2, 1, 12, 'ร้านสเต็ก', '2026-03-09 17:58:37', 'default-food.png'),
(108, 'สเต็กไก่คริสปี้', 1100, 2, 1, 12, 'ร้านสเต็ก', '2026-03-09 17:58:37', 'default-food.png'),
(109, 'โคขุนริบอาย', 900, 2, 1, 12, 'ร้านสเต็ก', '2026-03-09 17:58:37', 'default-food.png'),
(110, 'โคขุนเซอร์ลอยน์', 850, 2, 1, 12, 'ร้านสเต็ก', '2026-03-09 17:58:37', 'default-food.png'),
(111, 'โคขุนทีโบน', 900, 2, 1, 12, 'ร้านสเต็ก', '2026-03-09 17:58:37', 'default-food.png'),
(112, 'สเต็กปลาดอรี่ย่าง', 800, 2, 1, 12, 'ร้านสเต็ก', '2026-03-09 17:58:37', 'default-food.png'),
(113, 'สเต็กปลาทอดซุปเปอร์', 1150, 2, 1, 12, 'ร้านสเต็ก', '2026-03-09 17:58:37', 'default-food.png'),
(114, 'แซลมอนสเต็ก', 750, 2, 1, 12, 'ร้านสเต็ก', '2026-03-09 17:58:38', 'default-food.png'),
(115, 'สลัดผักรวม', 500, 2, 1, 12, 'ร้านสเต็ก', '2026-03-09 17:58:38', 'default-food.png'),
(116, 'สลัดทูน่า', 700, 2, 1, 12, 'ร้านสเต็ก', '2026-03-09 17:58:38', 'default-food.png'),
(117, 'สลัดอกไก่', 800, 2, 1, 12, 'ร้านสเต็ก', '2026-03-09 17:58:38', 'default-food.png'),
(118, 'สลัดทูน่ายำแซ่บ', 1350, 2, 1, 12, 'ร้านสเต็ก', '2026-03-09 17:58:38', 'default-food.png'),
(119, 'ขนมปังกระเทียม', 450, 2, 1, 12, 'ร้านสเต็ก', '2026-03-09 17:58:38', 'default-food.png'),
(120, 'ออนเนี่ยนริง', 600, 2, 1, 12, 'ร้านสเต็ก', '2026-03-09 17:58:38', 'default-food.png'),
(121, 'เฟรนช์ฟรายส์', 450, 2, 1, 12, 'ร้านสเต็ก', '2026-03-09 17:58:38', 'default-food.png'),
(122, 'มันบดเกรวี่ 2 ลูก', 550, 2, 1, 12, 'ร้านสเต็ก', '2026-03-09 17:58:38', 'default-food.png'),
(123, 'ผักโขมอบชีส', 750, 2, 1, 12, 'ร้านสเต็ก', '2026-03-09 17:58:38', 'default-food.png'),
(124, 'นักเก็ตไก่', 650, 2, 1, 12, 'ร้านสเต็ก', '2026-03-09 17:58:38', 'default-food.png'),
(125, 'ปีกไก่นิวออร์ลีนส์', 850, 2, 1, 12, 'ร้านสเต็ก', '2026-03-09 17:58:38', 'default-food.png'),
(126, 'หอยลายเนยกระเทียม', 900, 2, 1, 12, 'ร้านสเต็ก', '2026-03-09 17:58:38', 'default-food.png'),
(127, 'ข้าวมันไก่ต้มสิงคโปร์', 1200, 2, 1, 13, 'มหาเฮง ข้าวมันไก่สิงค์โปร์', '2026-03-09 17:58:38', 'default-food.png'),
(128, 'ข้าวมันไก่ทอดสิงคโปร์', 1350, 2, 1, 13, 'มหาเฮง ข้าวมันไก่สิงค์โปร์', '2026-03-09 17:58:38', 'default-food.png'),
(129, 'ข้าวมันไก่ต้มผสมไก่ทอด', 1300, 2, 1, 13, 'มหาเฮง ข้าวมันไก่สิงค์โปร์', '2026-03-09 17:58:38', 'default-food.png'),
(130, 'ไก่ต้มสับเปล่า', 400, 2, 1, 13, 'มหาเฮง ข้าวมันไก่สิงค์โปร์', '2026-03-09 17:58:38', 'default-food.png'),
(131, 'ไก่ทอดสับเปล่า', 650, 2, 1, 13, 'มหาเฮง ข้าวมันไก่สิงค์โปร์', '2026-03-09 17:58:38', 'default-food.png'),
(132, 'ข้าวมันเปล่า', 450, 2, 1, 13, 'มหาเฮง ข้าวมันไก่สิงค์โปร์', '2026-03-09 17:58:38', 'default-food.png'),
(133, 'ข้าวราดหมูตุ๋นไต้หวัน', 1250, 2, 1, 14, 'อาจูข้าวหมูตุ๋นไต้หวัน', '2026-03-09 17:58:38', 'default-food.png'),
(134, 'ข้าวราดพะโล้ซี่โครงหมู', 1100, 2, 1, 14, 'อาจูข้าวหมูตุ๋นไต้หวัน', '2026-03-09 17:58:38', 'default-food.png'),
(135, 'เกี๊ยวน้ำ', 1500, 2, 1, 14, 'อาจูข้าวหมูตุ๋นไต้หวัน', '2026-03-09 17:58:38', 'default-food.png'),
(136, 'ก๋วยเตี๋ยวเนื้อตุ๋นไต้หวัน', 1650, 2, 1, 14, 'อาจูข้าวหมูตุ๋นไต้หวัน', '2026-03-09 17:58:38', 'default-food.png'),
(137, 'ข้าวหมูสามชั้นทอด', 900, 2, 1, 15, 'หมูทอดตัวตึง', '2026-03-09 17:58:38', 'default-food.png'),
(138, 'ข้าวยำหมูแซ่บ', 1450, 2, 1, 15, 'หมูทอดตัวตึง', '2026-03-09 17:58:38', 'default-food.png'),
(139, 'ข้าวไข่เจียวหมูสับ', 950, 2, 1, 16, 'จำร้านไม่ได้', '2026-03-09 17:58:38', 'default-food.png'),
(140, 'ยำวุ้นเส้นหมูสับ', 1500, 2, 1, 16, 'จำร้านไม่ได้', '2026-03-09 17:58:38', 'default-food.png'),
(141, 'ยำมาม่าหมูสับ', 1500, 2, 1, 16, 'จำร้านไม่ได้', '2026-03-09 17:58:38', 'default-food.png'),
(142, 'ก๋วยเตี๋ยวน้ำใส', 1500, 2, 1, 17, 'ก๋วยเตี๋ยวลูกชิ้นปลานายย่งท่าดินแดง', '2026-03-09 17:58:38', 'default-food.png'),
(143, 'ก๋วยเตี๋ยวต้มยำ', 1800, 2, 1, 17, 'ก๋วยเตี๋ยวลูกชิ้นปลานายย่งท่าดินแดง', '2026-03-09 17:58:38', 'default-food.png'),
(144, 'เย็นตาโฟ', 1600, 2, 1, 17, 'ก๋วยเตี๋ยวลูกชิ้นปลานายย่งท่าดินแดง', '2026-03-09 17:58:38', 'default-food.png'),
(145, 'เกาเหลา', 1450, 2, 1, 17, 'ก๋วยเตี๋ยวลูกชิ้นปลานายย่งท่าดินแดง', '2026-03-09 17:58:38', 'default-food.png'),
(146, 'ก๋วยเตี๋ยวเส้นปลา', 1400, 2, 1, 17, 'ก๋วยเตี๋ยวลูกชิ้นปลานายย่งท่าดินแดง', '2026-03-09 17:58:38', 'default-food.png'),
(147, 'หมี่กรอบต้มยำ', 1650, 2, 1, 17, 'ก๋วยเตี๋ยวลูกชิ้นปลานายย่งท่าดินแดง', '2026-03-09 17:58:38', 'default-food.png'),
(148, 'ต้มยำหมูเด้งห่อไข่', 1850, 2, 1, 17, 'ก๋วยเตี๋ยวลูกชิ้นปลานายย่งท่าดินแดง', '2026-03-09 17:58:38', 'default-food.png'),
(149, 'ต้มยำหมูสไลด์ไข่ออนเซน', 1800, 2, 1, 17, 'ก๋วยเตี๋ยวลูกชิ้นปลานายย่งท่าดินแดง', '2026-03-09 17:58:38', 'default-food.png'),
(150, 'ต้มยำโบราณ', 1700, 2, 1, 17, 'ก๋วยเตี๋ยวลูกชิ้นปลานายย่งท่าดินแดง', '2026-03-09 17:58:38', 'default-food.png'),
(151, 'ก๋วยเตี๋ยวโล่งโต้ง', 1550, 2, 1, 17, 'ก๋วยเตี๋ยวลูกชิ้นปลานายย่งท่าดินแดง', '2026-03-09 17:58:38', 'default-food.png'),
(152, 'ต้มยำซี่โครงหมู', 1600, 2, 1, 17, 'ก๋วยเตี๋ยวลูกชิ้นปลานายย่งท่าดินแดง', '2026-03-09 17:58:38', 'default-food.png'),
(153, 'ก๋วยเตี๋ยวแห้ง', 1300, 2, 1, 17, 'ก๋วยเตี๋ยวลูกชิ้นปลานายย่งท่าดินแดง', '2026-03-09 17:58:38', 'default-food.png'),
(154, 'ก๋วยเตี๋ยวลููกชิ้นแคะ', 1600, 2, 1, 17, 'ก๋วยเตี๋ยวลูกชิ้นปลานายย่งท่าดินแดง', '2026-03-09 17:58:38', 'default-food.png'),
(155, 'ก๋วยเตี๋ยวต้้มยำหมูเด้ง', 1900, 2, 1, 17, 'ก๋วยเตี๋ยวลูกชิ้นปลานายย่งท่าดินแดง', '2026-03-09 17:58:38', 'default-food.png'),
(156, 'ลวกจิ้ม', 950, 2, 1, 17, 'ก๋วยเตี๋ยวลูกชิ้นปลานายย่งท่าดินแดง', '2026-03-09 17:58:38', 'default-food.png'),
(157, 'ก๋วยเตี๋ยวเรือหมู', 1450, 2, 1, 18, 'ข้าวขาหมูตรอกจันทร์&ก๋วยเตี๋ยวเรือปอเช่', '2026-03-09 17:58:38', 'default-food.png'),
(158, 'ก๋วยเตี๋ยวเรือหมูตุ๋น', 1550, 2, 1, 18, 'ข้าวขาหมูตรอกจันทร์&ก๋วยเตี๋ยวเรือปอเช่', '2026-03-09 17:58:38', 'default-food.png'),
(159, 'ก๋วยเตี๋ยวเนื้ื้อ', 1500, 2, 1, 18, 'ข้าวขาหมูตรอกจันทร์&ก๋วยเตี๋ยวเรือปอเช่', '2026-03-09 17:58:38', 'default-food.png'),
(160, 'ก๋วยเตี๋ยวเนื้อตุ๋น', 1650, 2, 1, 18, 'ข้าวขาหมูตรอกจันทร์&ก๋วยเตี๋ยวเรือปอเช่', '2026-03-09 17:58:38', 'default-food.png'),
(161, 'ข้าวขาหมููเนื้อหนัง', 1150, 2, 1, 18, 'ข้าวขาหมูตรอกจันทร์&ก๋วยเตี๋ยวเรือปอเช่', '2026-03-09 17:58:38', 'default-food.png'),
(162, 'ข้าวขาหมูเนื้อหนังไข่', 1250, 2, 1, 18, 'ข้าวขาหมูตรอกจันทร์&ก๋วยเตี๋ยวเรือปอเช่', '2026-03-09 17:58:38', 'default-food.png'),

(163, 'กะเพราหมูสับ', 1586, 3, 0, NULL, NULL, '2026-03-09 17:59:11', 'default-food.png'),
(164, 'แกงเขียวหวาน', 870, 3, 0, NULL, NULL, '2026-03-09 17:59:11', 'default-food.png'),
(165, 'แกงไตปลา', 1191, 3, 0, NULL, NULL, '2026-03-09 17:59:11', 'default-food.png'),
(166, 'ไก่ผัดพริก', 1000, 3, 0, NULL, NULL, '2026-03-09 17:59:11', 'default-food.png'),
(167, 'ไข่ดาว', 70, 3, 0, NULL, NULL, '2026-03-09 17:59:11', 'default-food.png'),
(168, 'คั่วคลิ้ง', 500, 3, 0, NULL, NULL, '2026-03-09 17:59:11', 'default-food.png'),
(169, 'จ๋อปูอัดทอด', 50, 3, 0, NULL, NULL, '2026-03-09 17:59:11', 'default-food.png'),
(170, 'ต้มยำไก่', 1500, 3, 0, NULL, NULL, '2026-03-09 17:59:11', 'default-food.png'),
(171, 'ทอดมัน', 1156, 3, 0, NULL, NULL, '2026-03-09 17:59:11', 'default-food.png'),
(172, 'ผัดถั่วงอก', 2370, 3, 0, NULL, NULL, '2026-03-09 17:59:11', 'default-food.png'),
(173, 'ผัดบวบ', 90, 3, 0, NULL, NULL, '2026-03-09 17:59:11', 'default-food.png'),
(174, 'ผัดหน่อไม้หมูสับ', 6, 3, 0, NULL, NULL, '2026-03-09 17:59:11', 'default-food.png'),
(175, 'พะแนงหมู', 257, 3, 0, NULL, NULL, '2026-03-09 17:59:11', 'default-food.png'),
(176, 'พะโล้', 376, 3, 0, NULL, NULL, '2026-03-09 17:59:11', 'default-food.png'),
(177, 'หมูยอทอด', 230, 3, 0, NULL, NULL, '2026-03-09 17:59:11', 'default-food.png'),
(178, 'หมูหวาน', 1223, 3, 0, NULL, NULL, '2026-03-09 17:59:11', 'default-food.png'),
(179, 'ข้าวแกงกะหรี่ไก่ทอด/หมูทอดทงคัตสึ', 1600, 4, 0, NULL, NULL, '2026-03-09 17:59:11', 'default-food.png'),
(180, 'ข้าวไก่เทอริยากิ', 1200, 4, 0, NULL, NULL, '2026-03-09 17:59:11', 'default-food.png'),
(181, 'ข้าวไก่ทอด/หมูทอดทงคัตสึ', 900, 4, 0, NULL, NULL, '2026-03-09 17:59:11', 'default-food.png'),
(182, 'ข้าวไก่ทอดคาราเกะ', 800, 4, 0, NULL, NULL, '2026-03-09 17:59:11', 'default-food.png'),
(183, 'ข้าวหน้าเนื้อตุ๋น', 1200, 4, 0, NULL, NULL, '2026-03-09 17:59:11', 'default-food.png'),
(184, 'สเต็กเนื้อริบอาย', 700, 4, 0, NULL, NULL, '2026-03-09 17:59:11', 'default-food.png'),
(185, 'สเต็กหมูสันนอก', 700, 4, 0, NULL, NULL, '2026-03-09 17:59:11', 'default-food.png'),
(186, 'สเต็กไก่', 650, 4, 0, NULL, NULL, '2026-03-09 17:59:11', 'default-food.png'),
(187, 'สเต็กปลาแซลมอน', 500, 4, 0, NULL, NULL, '2026-03-09 17:59:11', 'default-food.png'),
(188, 'ปลาชุบเกล็ดขนมปังทอด', 800, 4, 0, NULL, NULL, '2026-03-09 17:59:11', 'default-food.png'),
(189, 'สลัดผักรวม', 300, 4, 0, NULL, NULL, '2026-03-09 17:59:11', 'default-food.png'),
(190, 'สลัดไก่ย่าง', 600, 4, 0, NULL, NULL, '2026-03-09 17:59:11', 'default-food.png'),
(191, 'สลัดไก่ทอด', 800, 4, 0, NULL, NULL, '2026-03-09 17:59:11', 'default-food.png'),
(192, 'สลัดทูน่า', 402, 4, 0, NULL, NULL, '2026-03-09 17:59:11', 'default-food.png'),
(193, 'ซีซาร์สลัด', 900, 4, 0, NULL, NULL, '2026-03-09 17:59:11', 'default-food.png'),
(194, 'สปาเก็ตตี้คาโบนาร่า', 1200, 4, 0, NULL, NULL, '2026-03-09 17:59:11', 'default-food.png'),
(195, 'สปาเก็ตตี้ขี้เมาหมู/ไก่/เนื้อ', 1100, 4, 0, NULL, NULL, '2026-03-09 17:59:11', 'default-food.png'),
(196, 'สปาเก็ตตี้ขี้เมาทะเล', 1200, 4, 0, NULL, NULL, '2026-03-09 17:59:11', 'default-food.png'),
(197, 'สปาเก็ตตี้ซอสมะเขือเทศ', 1000, 4, 0, NULL, NULL, '2026-03-09 17:59:11', 'default-food.png'),
(198, 'สปาเก็ตตี้เบค่อนผัดพริกแห้ง', 1200, 4, 0, NULL, NULL, '2026-03-09 17:59:11', 'default-food.png'),
(199, 'อเมริกันเบรคฟาสต์', 1200, 4, 0, NULL, NULL, '2026-03-09 17:59:11', 'default-food.png'),
(200, 'ไข่กระทะ', 900, 4, 0, NULL, NULL, '2026-03-09 17:59:11', 'default-food.png'),
(201, 'แซนวิสแฮมชีส', 1100, 4, 0, NULL, NULL, '2026-03-09 17:59:11', 'default-food.png'),
(202, 'เฟรนช์ฟรายส์', 350, 4, 0, NULL, NULL, '2026-03-09 17:59:11', 'default-food.png'),
(203, 'เฟรนช์ฟรายส์ชีส', 600, 4, 0, NULL, NULL, '2026-03-09 17:59:11', 'default-food.png'),
(204, 'ไก่ป๊อป', 900, 4, 0, NULL, NULL, '2026-03-09 17:59:11', 'default-food.png'),
(205, 'นักเก็ตไก่', 800, 4, 0, NULL, NULL, '2026-03-09 17:59:11', 'default-food.png'),
(206, 'ปีกไก่ทอด', 1000, 4, 0, NULL, NULL, '2026-03-09 17:59:11', 'default-food.png'),
(207, 'ยำหมูยออุบล', 1500, 4, 0, NULL, NULL, '2026-03-09 17:59:11', 'default-food.png'),
(208, 'ยำไส้กรอก', 1300, 4, 0, NULL, NULL, '2026-03-09 17:59:11', 'default-food.png'),
(209, 'ยำวุ้นเส้นหมูสับ', 1200, 4, 0, NULL, NULL, '2026-03-09 17:59:11', 'default-food.png'),
(210, 'ยำวุ้นเส้นรวมมิตรทะเล', 1300, 4, 0, NULL, NULL, '2026-03-09 17:59:11', 'default-food.png'),
(211, 'ยำมาม่าหมูสับ', 1600, 4, 0, NULL, NULL, '2026-03-09 17:59:11', 'default-food.png'),
(212, 'ยำมาม่ารวมมิตรทะเล', 1700, 4, 0, NULL, NULL, '2026-03-09 17:59:11', 'default-food.png'),
(213, 'ยำกุ้งสด', 1200, 4, 0, NULL, NULL, '2026-03-09 17:59:11', 'default-food.png'),
(214, 'ยำถั่วพูกุ้งสด', 1000, 4, 0, NULL, NULL, '2026-03-09 17:59:11', 'default-food.png'),
(215, 'ยำเล็บมือนาง', 1300, 4, 0, NULL, NULL, '2026-03-09 17:59:11', 'default-food.png'),
(216, 'กุ้งมะนาว', 1500, 4, 0, NULL, NULL, '2026-03-09 17:59:11', 'default-food.png'),
(217, 'หมูมะนาว', 1500, 4, 0, NULL, NULL, '2026-03-09 17:59:11', 'default-food.png'),
(218, 'ลาบปลาหมึก', 1200, 4, 0, NULL, NULL, '2026-03-09 17:59:11', 'default-food.png'),
(219, 'ลาบหมู', 1200, 4, 0, NULL, NULL, '2026-03-09 17:59:11', 'default-food.png'),
(220, 'ลาบเห็ด', 900, 4, 0, NULL, NULL, '2026-03-09 17:59:11', 'default-food.png'),
(221, 'ต้มจืด', 900, 4, 0, NULL, NULL, '2026-03-09 17:59:11', 'default-food.png'),
(222, 'ต้มยำไก่/หมู', 1200, 4, 0, NULL, NULL, '2026-03-09 17:59:11', 'default-food.png'),
(223, 'ต้มยำทะเล', 1300, 4, 0, NULL, NULL, '2026-03-09 17:59:11', 'default-food.png'),
(224, 'ต้มข่าไก่', 1100, 4, 0, NULL, NULL, '2026-03-09 17:59:11', 'default-food.png'),
(225, 'ก๋วยเตี๋ยวน้ำใส', 1500, 4, 0, NULL, NULL, '2026-03-09 17:59:11', 'default-food.png'),
(226, 'ก๋วยเตี๋ยวต้มยำ', 1800, 4, 0, NULL, NULL, '2026-03-09 17:59:11', 'default-food.png'),
(227, 'ก๋วยเตี๋ยวซุปหม่าล่า', 2000, 4, 0, NULL, NULL, '2026-03-09 17:59:11', 'default-food.png'),
(228, 'มาม่าต้มยำน้ำข้น', 2200, 4, 0, NULL, NULL, '2026-03-09 17:59:11', 'default-food.png'),
(229, 'ผัดมาม่าขี้เมา', 1700, 4, 0, NULL, NULL, '2026-03-09 17:59:11', 'default-food.png'),
(230, 'ผัดมาม่าใส่ไข่', 1600, 4, 0, NULL, NULL, '2026-03-09 17:59:11', 'default-food.png'),
(231, 'ข้าวกะเพราหมู/ไก่/เนื้อ', 1200, 4, 0, NULL, NULL, '2026-03-09 17:59:11', 'default-food.png'),
(232, 'ข้าวกะเพราหมููกรอบ', 1586, 4, 0, NULL, NULL, '2026-03-09 17:59:11', 'default-food.png'),
(233, 'ข้าวกะเพรากุ้ง/ปลาหมึก', 1100, 4, 0, NULL, NULL, '2026-03-09 17:59:11', 'default-food.png'),
(234, 'ข้าวผัดผักบุ้งหมู/ไก่/เนื้อ', 1100, 4, 0, NULL, NULL, '2026-03-09 17:59:11', 'default-food.png'),
(235, 'ข้าวผัดผักบุ้งหมููกรอบ', 1500, 4, 0, NULL, NULL, '2026-03-09 17:59:11', 'default-food.png'),
(236, 'ข้าวผัดผักบุ้งกุ้ง/ปลาหมึก', 1300, 4, 0, NULL, NULL, '2026-03-09 17:59:11', 'default-food.png'),
(237, 'ข้าวผัดคะน้าหมู/ไก่/เนื้อ', 1150, 4, 0, NULL, NULL, '2026-03-09 17:59:11', 'default-food.png'),
(238, 'ข้าวผัดคะน้าหมููกรอบ', 1586, 4, 0, NULL, NULL, '2026-03-09 17:59:11', 'default-food.png'),
(239, 'ข้าวผัดคะน้ากุ้ง/ปลาหมึก', 1120, 4, 0, NULL, NULL, '2026-03-09 17:59:11', 'default-food.png'),
(240, 'ข้าวผัดผักรวมมิตรหมู/ไก่/เนื้อ', 1200, 4, 0, NULL, NULL, '2026-03-09 17:59:11', 'default-food.png'),
(241, 'ข้าวผัดผักรวมมิตรหมููกรอบ', 1500, 4, 0, NULL, NULL, '2026-03-09 17:59:11', 'default-food.png'),
(242, 'ข้าวผัดผักรวมมิตรกุ้ง/ปลาหมึก', 1050, 4, 0, NULL, NULL, '2026-03-09 17:59:11', 'default-food.png'),
(243, 'ข้าวผัดกระเทียมหมู/ไก่/เนื้อ', 1000, 4, 0, NULL, NULL, '2026-03-09 17:59:11', 'default-food.png'),
(244, 'ข้าวผัดกระเทียมหมููกรอบ', 1100, 4, 0, NULL, NULL, '2026-03-09 17:59:11', 'default-food.png'),
(245, 'ข้าวผัดกระเทียมกุ้ง/ปลาหมึก', 1050, 4, 0, NULL, NULL, '2026-03-09 17:59:11', 'default-food.png'),
(246, 'ข้าวผัดน้ำมันหอยหมู/ไก่/เนื้อ', 1200, 4, 0, NULL, NULL, '2026-03-09 17:59:11', 'default-food.png'),
(247, 'ข้าวผัดน้ำมันหอยหมููกรอบ', 1400, 4, 0, NULL, NULL, '2026-03-09 17:59:11', 'default-food.png'),
(248, 'ข้าวผัดน้ำมันหอยกุ้ง/ปลาหมึก', 1350, 4, 0, NULL, NULL, '2026-03-09 17:59:11', 'default-food.png'),
(249, 'ข้าวผัดพริกสดหมู/ไก่/เนื้อ', 1200, 4, 0, NULL, NULL, '2026-03-09 17:59:11', 'default-food.png'),
(250, 'ข้าวผัดพริกสดหมููกรอบ', 1500, 4, 0, NULL, NULL, '2026-03-09 17:59:11', 'default-food.png'),
(251, 'ข้าวผัดพริกสดกุ้ง/ปลาหมึก', 1350, 4, 0, NULL, NULL, '2026-03-09 17:59:11', 'default-food.png'),
(252, 'ข้าวผัดพริกเผาหมู/ไก่/เนื้อ', 1300, 4, 0, NULL, NULL, '2026-03-09 17:59:11', 'default-food.png'),
(253, 'ข้าวผัดพริกเผาหมููกรอบ', 1600, 4, 0, NULL, NULL, '2026-03-09 17:59:11', 'default-food.png'),
(254, 'ข้าวผัดพริกเผากุ้ง/ปลาหมึก', 1400, 4, 0, NULL, NULL, '2026-03-09 17:59:11', 'default-food.png'),
(255, 'ข้าวผัดพริกแกงหมู/ไก่/เนื้อ', 1400, 4, 0, NULL, NULL, '2026-03-09 17:59:11', 'default-food.png'),
(256, 'ข้าวผัดพริกแกงหมููกรอบ', 1600, 4, 0, NULL, NULL, '2026-03-09 17:59:11', 'default-food.png'),
(257, 'ข้าวผัดพริกแกงกุ้ง/ปลาหมึก', 1480, 4, 0, NULL, NULL, '2026-03-09 17:59:11', 'default-food.png'),
(258, 'ข้าวผัดเปรี้ยวหวานหมู/ไก่/เนื้อ', 1300, 4, 0, NULL, NULL, '2026-03-09 17:59:11', 'default-food.png'),
(259, 'ข้าวผัดเปรี้ยวหวานหมูกรอบ', 1465, 4, 0, NULL, NULL, '2026-03-09 17:59:11', 'default-food.png'),
(260, 'ข้าวผัดเปรี้ยวหวานกุ้ง/ปลาหมึก', 1375, 4, 0, NULL, NULL, '2026-03-09 17:59:11', 'default-food.png'),
(261, 'ข้าวผัดถั่วงอกเต้าหู้หมู/ไก่/เนื้อ', 1000, 4, 0, NULL, NULL, '2026-03-09 17:59:11', 'default-food.png'),
(262, 'ข้าวผัดถั่วงอกเต้าหู้หมูกรอบ', 1300, 4, 0, NULL, NULL, '2026-03-09 17:59:11', 'default-food.png'),
(263, 'ข้าวผัดถั่วงอกเต้าหู้กุ้ง/ปลาหมึก', 1258, 4, 0, NULL, NULL, '2026-03-09 17:59:11', 'default-food.png'),
(264, 'ข้าวผัดพริกเกลือหมู/ไก่/เนื้อ', 1400, 4, 0, NULL, NULL, '2026-03-09 17:59:11', 'default-food.png'),
(265, 'ข้าวผัดพริกเกลือหมูกรอบ', 1700, 4, 0, NULL, NULL, '2026-03-09 17:59:11', 'default-food.png'),
(266, 'ข้าวผัดพริกเกลือกุ้ง/ปลาหมึก', 1354, 4, 0, NULL, NULL, '2026-03-09 17:59:11', 'default-food.png'),
(267, 'สุกี้แห้งหมู/ไก่/เนื้อ', 1600, 4, 0, NULL, NULL, '2026-03-09 17:59:11', 'default-food.png'),
(268, 'สุกี้แห้งหมูกรอบ', 1800, 4, 0, NULL, NULL, '2026-03-09 17:59:11', 'default-food.png'),
(269, 'สุกี้แห้งกุ้ง/ปลาหมึก', 1700, 4, 0, NULL, NULL, '2026-03-09 17:59:11', 'default-food.png'),
(270, 'สุกี้น้ำหมู/ไก่/เนื้อ', 1800, 4, 0, NULL, NULL, '2026-03-09 17:59:11', 'default-food.png'),
(271, 'สุกี้น้ำหมูกรอบ', 1900, 4, 0, NULL, NULL, '2026-03-09 17:59:11', 'default-food.png'),
(272, 'สุกี้น้ำกุ้ง/ปลาหมึก', 1900, 4, 0, NULL, NULL, '2026-03-09 17:59:11', 'default-food.png'),
(273, 'ราดหน้าหมู/ไก่/เนื้อ', 1500, 4, 0, NULL, NULL, '2026-03-09 17:59:11', 'default-food.png'),
(274, 'ราดหน้าหมูกรอบ', 1650, 4, 0, NULL, NULL, '2026-03-09 17:59:11', 'default-food.png'),
(275, 'ราดหน้ากุ้ง/ปลาหมึก', 1600, 4, 0, NULL, NULL, '2026-03-09 17:59:11', 'default-food.png'),
(276, 'ผัดซีอิ๊วหมู/ไก่/เนื้อ', 1400, 4, 0, NULL, NULL, '2026-03-09 17:59:11', 'default-food.png'),
(277, 'ผัดซีอิ๊วหมูกรอบ', 1535, 4, 0, NULL, NULL, '2026-03-09 17:59:11', 'default-food.png'),
(278, 'ผัดซีอิ๊วกุ้ง/ปลาหมึก', 1450, 4, 0, NULL, NULL, '2026-03-09 17:59:11', 'default-food.png'),
(279, 'ผัดไทยเส้นจันท์หมู/ไก่/เนื้อ', 1200, 4, 0, NULL, NULL, '2026-03-09 17:59:11', 'default-food.png'),
(280, 'ผัดไทยเส้นจันท์หมูกรอบ', 1400, 4, 0, NULL, NULL, '2026-03-09 17:59:11', 'default-food.png'),
(281, 'ผัดไทยเส้นจันท์กุ้ง/ปลาหมึก', 1350, 4, 0, NULL, NULL, '2026-03-09 17:59:11', 'default-food.png'),
(282, 'ข้าวผัดฉ่าหมู/ไก่/เนื้อ', 1400, 4, 0, NULL, NULL, '2026-03-09 17:59:11', 'default-food.png'),
(283, 'ข้าวผัดฉ่าหมูกรอบ', 1780, 4, 0, NULL, NULL, '2026-03-09 17:59:11', 'default-food.png'),
(284, 'ข้าวผัดฉ่ากุ้ง/ปลาหมึก', 1540, 4, 0, NULL, NULL, '2026-03-09 17:59:11', 'default-food.png'),
(285, 'ข้าวผัดผงกะหรี่หมู/ไก่/เนื้อ', 1200, 4, 0, NULL, NULL, '2026-03-09 17:59:11', 'default-food.png'),
(286, 'ข้าวผัดผงกะหรี่หมูกรอบ', 1550, 4, 0, NULL, NULL, '2026-03-09 17:59:11', 'default-food.png'),
(287, 'ข้าวผัดผงกะหรี่กุ้ง/ปลาหมึก', 1340, 4, 0, NULL, NULL, '2026-03-09 17:59:11', 'default-food.png'),
(288, 'ข้าวผัดขี้เมาหมู/ไก่/เนื้อ', 1400, 4, 0, NULL, NULL, '2026-03-09 17:59:11', 'default-food.png'),
(289, 'ข้าวผัดขี้เมาหมูกรอบ', 1800, 4, 0, NULL, NULL, '2026-03-09 17:59:11', 'default-food.png'),
(290, 'ข้าวผัดขี้เมากุ้ง/ปลาหมึก', 1600, 4, 0, NULL, NULL, '2026-03-09 17:59:11', 'default-food.png'),
(291, 'ข้าวผัดไข่เค็มหมู/ไก่/เนื้อ', 1700, 4, 0, NULL, NULL, '2026-03-09 17:59:11', 'default-food.png'),
(292, 'ข้าวผัดไข่เค็มหมูกรอบ', 2200, 4, 0, NULL, NULL, '2026-03-09 17:59:11', 'default-food.png'),
(293, 'ข้าวผัดไข่เค็มกุ้ง/ปลาหมึก', 1855, 4, 0, NULL, NULL, '2026-03-09 17:59:11', 'default-food.png'),
(294, 'ข้าวคั่วกลิ้งหมู/ไก่/เนื้อ', 1600, 4, 0, NULL, NULL, '2026-03-09 17:59:11', 'default-food.png'),
(295, 'ข้าวคั่วกลิ้งหมูกรอบ', 2000, 4, 0, NULL, NULL, '2026-03-09 17:59:11', 'default-food.png'),
(296, 'ข้าวคั่วกลิ้งกุ้ง/ปลาหมึก', 1750, 4, 0, NULL, NULL, '2026-03-09 17:59:11', 'default-food.png'),
(297, 'ข้าวผัดหมู/ไก่/เนื้อ', 1100, 4, 0, NULL, NULL, '2026-03-09 17:59:11', 'default-food.png'),
(298, 'ข้าวผัดหมููกรอบ', 1370, 4, 0, NULL, NULL, '2026-03-09 17:59:11', 'default-food.png'),
(299, 'ข้าวผัดกุ้ง/ปลาหมึก', 1450, 4, 0, NULL, NULL, '2026-03-09 17:59:11', 'default-food.png'),
(300, 'ข้าวผัดต้มยำหมู/ไก่/เนื้อ', 1400, 4, 0, NULL, NULL, '2026-03-09 17:59:11', 'default-food.png'),
(301, 'ข้าวผัดต้มยำหมููกรอบ', 1800, 4, 0, NULL, NULL, '2026-03-09 17:59:11', 'default-food.png'),
(302, 'ข้าวผัดต้มยำกุ้ง/ปลาหมึก', 1680, 4, 0, NULL, NULL, '2026-03-09 17:59:11', 'default-food.png'),
(303, 'ข้าวต้มไก่สับ/หมูสับ', 700, 4, 0, NULL, NULL, '2026-03-09 17:59:11', 'default-food.png'),
(304, 'ข้าวต้มกุ้ง/ปลาหมึก', 850, 4, 0, NULL, NULL, '2026-03-09 17:59:11', 'default-food.png'),
(305, 'ข้าวต้มปลากะพง', 800, 4, 0, NULL, NULL, '2026-03-09 17:59:11', 'default-food.png'),
(306, 'ข้าวไข่ข้น', 700, 4, 0, NULL, NULL, '2026-03-09 17:59:11', 'default-food.png'),
(307, 'ข้าวไข่เจียว', 880, 4, 0, NULL, NULL, '2026-03-09 17:59:11', 'default-food.png'),
(308, 'ข้าวราดปลากะพงทอดน้ำปลา', 1200, 4, 0, NULL, NULL, '2026-03-09 17:59:11', 'default-food.png'),
(309, 'ข้าวราดปลากะพงผัดขึ้นฉ่าย', 1600, 4, 0, NULL, NULL, '2026-03-09 17:59:11', 'default-food.png'),
(310, 'ข้าวราดปลากะพงสามรส', 1350, 4, 0, NULL, NULL, '2026-03-09 17:59:11', 'default-food.png'),
(311, 'กะเพราหมูกรอบเจ', 1550, 5, 0, NULL, NULL, '2026-03-09 17:59:11', 'default-food.png'),
(312, 'กะเพราเห็ดเจ', 1200, 5, 0, NULL, NULL, '2026-03-09 17:59:11', 'default-food.png'),
(313, 'ข้าวผัดหมูกรอบเจ', 1357, 5, 0, NULL, NULL, '2026-03-09 17:59:11', 'default-food.png'),
(314, 'สปาเก็ตตี้โบโลเนส', 1450, 5, 0, NULL, NULL, '2026-03-09 17:59:11', 'default-food.png'),
(315, 'สปาเก็ตตี้คาโบนาร่า', 1700, 5, 0, NULL, NULL, '2026-03-09 17:59:11', 'default-food.png'),
(316, 'สปาเก็ตตี้ผัดพริกเบคอน', 1600, 5, 0, NULL, NULL, '2026-03-09 17:59:11', 'default-food.png'),
(317, 'สปาเก็ตตี้กะเพรา', 1750, 5, 0, NULL, NULL, '2026-03-09 17:59:11', 'default-food.png'),
(318, 'สปาเก็ตตี้ผัดขี้เมาเบคอน', 1800, 5, 0, NULL, NULL, '2026-03-09 17:59:11', 'default-food.png'),
(319, 'เฝอเนื้อ', 1600, 5, 0, NULL, NULL, '2026-03-09 17:59:11', 'default-food.png'),
(320, 'บะหมี่เนื้อตุ๋น', 1700, 5, 0, NULL, NULL, '2026-03-09 17:59:11', 'default-food.png'),
(321, 'มัสมั่นไก่', 1303, 5, 0, NULL, NULL, '2026-03-09 17:59:11', 'default-food.png'),
(322, 'ก๋วยเตี๋ยวเนื้อ', 1630, 5, 0, NULL, NULL, '2026-03-09 17:59:11', 'default-food.png'),
(323, 'ก๋วยเตี๋ยวเนื้อซุปหม่าล่า', 1900, 5, 0, NULL, NULL, '2026-03-09 17:59:11', 'default-food.png'),
(324, 'เกาเหลาเนื้อ', 1500, 5, 0, NULL, NULL, '2026-03-09 17:59:11', 'default-food.png'),
(325, 'เกาเหลาเนื้อซุปหม่าล่า', 1800, 5, 0, NULL, NULL, '2026-03-09 17:59:11', 'default-food.png'),
(326, 'หม้อไฟเนื้อ', 2100, 5, 0, NULL, NULL, '2026-03-09 17:59:11', 'default-food.png'),
(327, 'หม้อไฟเนื้อซุปหม่าล่า', 2400, 5, 0, NULL, NULL, '2026-03-09 17:59:11', 'default-food.png'),
(328, 'ออมเล็ต', 900, 5, 0, NULL, NULL, '2026-03-09 17:59:11', 'default-food.png'),
(329, 'ไข่กระทะ', 1000, 5, 0, NULL, NULL, '2026-03-09 17:59:11', 'default-food.png'),
(330, 'ข้าวไข่เจียว', 740, 5, 0, NULL, NULL, '2026-03-09 17:59:11', 'default-food.png'),
(331, 'กะเพราหมู/เนื้อ', 1280, 5, 0, NULL, NULL, '2026-03-09 17:59:11', 'default-food.png'),
(332, 'กะเพราไก่/เป็ด', 1280, 5, 0, NULL, NULL, '2026-03-09 17:59:11', 'default-food.png'),
(333, 'กะเพราปลาหมึก', 1300, 5, 0, NULL, NULL, '2026-03-09 17:59:11', 'default-food.png'),
(334, 'กะเพราปลากระป๋อง', 1850, 5, 0, NULL, NULL, '2026-03-09 17:59:11', 'default-food.png'),
(335, 'กะเพราเห็ด', 404, 5, 0, NULL, NULL, '2026-03-09 17:59:11', 'default-food.png'),
(336, 'ชุดคอหมูย่าง', 830, 5, 0, NULL, NULL, '2026-03-09 17:59:11', 'default-food.png'),
(337, 'ซี่โครงเปรี้ยวหวาน', 759, 5, 0, NULL, NULL, '2026-03-09 17:59:11', 'default-food.png'),
(338, 'ผัดผักบุ้งไฟแดง', 894, 5, 0, NULL, NULL, '2026-03-09 17:59:11', 'default-food.png'),
(339, 'ผักโขมน้ำมันหอย', 560, 5, 0, NULL, NULL, '2026-03-09 17:59:11', 'default-food.png'),
(340, 'ข้าวไก่ย่าง ไข่ข้น', 800, 5, 0, NULL, NULL, '2026-03-09 17:59:11', 'default-food.png'),
(341, 'Eggs Tomato Sauce ', 1500, 5, 0, NULL, NULL, '2026-03-09 17:59:11', 'default-food.png'),
(342, 'ผัดหมี่อุบลฯ', 1200, 5, 0, NULL, NULL, '2026-03-09 17:59:11', 'default-food.png'),
(343, 'ผัดซีอิ๊วไก่/หมู', 1352, 5, 0, NULL, NULL, '2026-03-09 17:59:11', 'default-food.png'),
(344, 'หมี่กระเฉด', 1300, 5, 0, NULL, NULL, '2026-03-09 17:59:11', 'default-food.png'),
(345, 'ข้าวผัดเบคอน', 1500, 5, 0, NULL, NULL, '2026-03-09 17:59:11', 'default-food.png'),
(346, 'ข้าวผัดไข่/ไก่', 1390, 5, 0, NULL, NULL, '2026-03-09 17:59:11', 'default-food.png'),
(347, 'ข้าวผัดปลาหมึก', 700, 5, 0, NULL, NULL, '2026-03-09 17:59:11', 'default-food.png'),
(348, 'ข้าวผัดหมาล่าเบคอน/ไก่', 1324, 5, 0, NULL, NULL, '2026-03-09 17:59:11', 'default-food.png'),
(349, 'ไก่ผัดเม็ดมะม่วง', 500, 5, 0, NULL, NULL, '2026-03-09 17:59:11', 'default-food.png'),
(350, 'ปลาหมึกกระเทียม', 300, 5, 0, NULL, NULL, '2026-03-09 17:59:11', 'default-food.png'),
(351, 'ไก่กระเทียม', 730, 5, 0, NULL, NULL, '2026-03-09 17:59:11', 'default-food.png'),
(352, 'หมูกระเทียม', 800, 5, 0, NULL, NULL, '2026-03-09 17:59:11', 'default-food.png'),
(353, 'เกี๊ยวหมูน้ำ', 166, 5, 0, NULL, NULL, '2026-03-09 17:59:11', 'default-food.png'),
(354, 'สเต็กเนื้อ', 373, 5, 0, NULL, NULL, '2026-03-09 17:59:11', 'default-food.png'),
(355, 'สเต็กแซลมอน', 112, 5, 0, NULL, NULL, '2026-03-09 17:59:11', 'default-food.png'),
(356, 'สเต็กไก่', 400, 5, 0, NULL, NULL, '2026-03-09 17:59:11', 'default-food.png'),
(357, 'สเต็กหมู', 1269, 5, 0, NULL, NULL, '2026-03-09 17:59:11', 'default-food.png'),
(358, 'สเต็กพอร์คชอป', 2426, 5, 0, NULL, NULL, '2026-03-09 17:59:11', 'default-food.png'),
(359, 'บะหมี่กึ่งสำเร็จรูปทรงเครื่อง', 1780, 5, 0, NULL, NULL, '2026-03-09 17:59:11', 'default-food.png');

-- --------------------------------------------------------

--
-- Table structure for table `locations`
--

CREATE TABLE `locations` (
  `location_id` int NOT NULL,
  `location_name` varchar(100) NOT NULL
) ENGINE=InnoDB DEFAULT CHARSET=utf8mb4 COLLATE=utf8mb4_0900_ai_ci;

--
-- Dumping data for table `locations`
--

INSERT INTO `locations` (`location_id`, `location_name`) VALUES
(1, 'โรงเย็น'),
(2, 'โรงร้อน'),
(3, 'ชั้น 8'),
(4, 'สยามคาเฟ่'),
(5, 'ครัวใส่ใจคาเฟ่');

-- --------------------------------------------------------

--
-- Table structure for table `log_items`
--

CREATE TABLE `log_items` (
  `item_id` int NOT NULL,
  `log_id` int DEFAULT NULL,
  `food_id` int DEFAULT NULL,
  `quantity` int DEFAULT '1'
) ENGINE=InnoDB DEFAULT CHARSET=utf8mb4 COLLATE=utf8mb4_0900_ai_ci;

-- --------------------------------------------------------

--
-- Table structure for table `medication_knowledge`
--

CREATE TABLE `medication_knowledge` (
  `med_id` int NOT NULL,
  `title` varchar(255) NOT NULL,
  `content` text,
  `image_path` varchar(255) DEFAULT NULL,
  `created_at` timestamp NULL DEFAULT CURRENT_TIMESTAMP
) ENGINE=InnoDB DEFAULT CHARSET=utf8mb4 COLLATE=utf8mb4_0900_ai_ci;

-- --------------------------------------------------------

--
-- Table structure for table `redemptions`
--

CREATE TABLE `redemptions` (
  `redemption_id` int NOT NULL,
  `user_id` int DEFAULT NULL,
  `reward_id` int DEFAULT NULL,
  `redeemed_at` timestamp NULL DEFAULT CURRENT_TIMESTAMP
) ENGINE=InnoDB DEFAULT CHARSET=utf8mb4 COLLATE=utf8mb4_0900_ai_ci;

-- --------------------------------------------------------

--
-- Table structure for table `restaurants`
--

CREATE TABLE `restaurants` (
  `restaurant_id` int NOT NULL,
  `restaurant_name` varchar(100) CHARACTER SET utf8mb4 COLLATE utf8mb4_0900_ai_ci NOT NULL
) ENGINE=InnoDB DEFAULT CHARSET=utf8mb4 COLLATE=utf8mb4_0900_ai_ci;

--
-- Dumping data for table `restaurants`
--

INSERT INTO `restaurants` (`restaurant_id`, `restaurant_name`) VALUES
(1, 'ร้านภาคกลาง'),
(2, 'ตามสั่งลุง'),
(3, 'ข้าวมันไก่'),
(4, 'ก๋วยเตี๋ยวป้า'),
(5, 'ร้านสเต๊ก'),
(6, 'ร้านขนมจีน'),
(7, 'ร้านพิซซ่า'),
(8, 'ร้านผลไม้'),
(9, 'ร้านพี่เคท'),
(10, 'ร้านส้มตำ'),
(11, 'ร้านน้ำ+ของทอด'),
(12, 'ร้านสเต็ก'),
(13, 'มหาเฮง ข้าวมันไก่สิงค์โปร์'),
(14, 'อาจูข้าวหมูตุ๋นไต้หวัน'),
(15, 'หมูทอดตัวตึง'),
(16, 'จำร้านไม่ได้'),
(17, 'ก๋วยเตี๋ยวลูกชิ้นปลานายย่งท่าดินแดง'),
(18, 'ข้าวขาหมูตรอกจันทร์&ก๋วยเตี๋ยวเรือปอเช่');

-- --------------------------------------------------------

--
-- Table structure for table `rewards`
--

CREATE TABLE `rewards` (
  `reward_id` int NOT NULL,
  `reward_name` varchar(100) NOT NULL,
  `points_required` int DEFAULT '3',
  `stock_quantity` int DEFAULT '0',
  `reward_image` varchar(255) DEFAULT NULL
) ENGINE=InnoDB DEFAULT CHARSET=utf8mb4 COLLATE=utf8mb4_0900_ai_ci;

-- --------------------------------------------------------

--
-- Table structure for table `users`
--

CREATE TABLE `users` (
  `user_id` int NOT NULL,
  `google_id` varchar(255) DEFAULT NULL,
  `full_name` varchar(100) CHARACTER SET utf8mb4 COLLATE utf8mb4_0900_ai_ci DEFAULT NULL,
  `email` varchar(100) DEFAULT NULL,
  `password_hash` varchar(255) DEFAULT NULL,
  `gender` enum('ชาย','หญิง','อื่นๆ') DEFAULT NULL,
  `age` int DEFAULT NULL,
  `weight_kg` decimal(5,2) DEFAULT NULL,
  `height_cm` decimal(5,2) DEFAULT NULL,
  `user_role` enum('นักศึกษา','อาจารย์','บุคคลทั่วไป') DEFAULT NULL,
  `total_points` int DEFAULT '0',
  `created_at` timestamp NULL DEFAULT CURRENT_TIMESTAMP
) ENGINE=InnoDB DEFAULT CHARSET=utf8mb4 COLLATE=utf8mb4_0900_ai_ci;

--
-- Dumping data for table `users`
--

INSERT INTO `users` (`user_id`, `google_id`, `full_name`, `email`, `password_hash`, `gender`, `age`, `weight_kg`, `height_cm`, `user_role`, `total_points`, `created_at`) VALUES
(1, '101919887998064353182', 'Arpatsara Netsak', 'ddoubleduy@gmail.com', NULL, NULL, NULL, NULL, NULL, 'บุคคลทั่วไป', 0, '2026-03-07 14:47:36'),
(2, NULL, 'อุอิ', 'dd@gmail.com', '$2y$10$QAKXegp4Js40BDMvVk4Mc.T338Y0n7ijOrnj4ntEenkM2Bxph60h2', 'ชาย', 20, 64.00, 170.00, 'นักศึกษา', 0, '2026-03-07 17:51:53'),
(3, NULL, 'ไก่ กุ่ก1', 'gaigook@gg.com', '$2y$10$omk5MF1PiLlaaOVyh8c.KeahZdLKwQ96nXVBnxNzWQPgYg6JiwyIe', 'ชาย', 22, 56.00, 184.00, 'อาจารย์', 0, '2026-03-07 17:52:23'),
(5, NULL, NULL, 'gaigook@gggg.com', '$2y$10$2vzOzjzTYDSWc409eZrLhOZXv0w.UnC0OEVdHCYNqONwBUtRSI/ee', NULL, NULL, NULL, NULL, NULL, 0, '2026-03-07 17:58:33');

--
-- Indexes for dumped tables
--

--
-- Indexes for table `daily_logs`
--
ALTER TABLE `daily_logs`
  ADD PRIMARY KEY (`log_id`),
  ADD UNIQUE KEY `unique_user_day` (`user_id`,`log_date`);

--
-- Indexes for table `foods`
--
ALTER TABLE `foods`
  ADD PRIMARY KEY (`food_id`);

--
-- Indexes for table `locations`
--
ALTER TABLE `locations`
  ADD PRIMARY KEY (`location_id`);

--
-- Indexes for table `log_items`
--
ALTER TABLE `log_items`
  ADD PRIMARY KEY (`item_id`),
  ADD KEY `log_id` (`log_id`),
  ADD KEY `food_id` (`food_id`);

--
-- Indexes for table `medication_knowledge`
--
ALTER TABLE `medication_knowledge`
  ADD PRIMARY KEY (`med_id`);

--
-- Indexes for table `redemptions`
--
ALTER TABLE `redemptions`
  ADD PRIMARY KEY (`redemption_id`),
  ADD KEY `user_id` (`user_id`),
  ADD KEY `reward_id` (`reward_id`);

--
-- Indexes for table `restaurants`
--
ALTER TABLE `restaurants`
  ADD PRIMARY KEY (`restaurant_id`);

--
-- Indexes for table `rewards`
--
ALTER TABLE `rewards`
  ADD PRIMARY KEY (`reward_id`);

--
-- Indexes for table `users`
--
ALTER TABLE `users`
  ADD PRIMARY KEY (`user_id`),
  ADD UNIQUE KEY `google_id` (`google_id`),
  ADD UNIQUE KEY `email` (`email`);

--
-- AUTO_INCREMENT for dumped tables
--

--
-- AUTO_INCREMENT for table `daily_logs`
--
ALTER TABLE `daily_logs`
  MODIFY `log_id` int NOT NULL AUTO_INCREMENT;

--
-- AUTO_INCREMENT for table `foods`
--
ALTER TABLE `foods`
  MODIFY `food_id` int NOT NULL AUTO_INCREMENT, AUTO_INCREMENT=522;

--
-- AUTO_INCREMENT for table `locations`
--
ALTER TABLE `locations`
  MODIFY `location_id` int NOT NULL AUTO_INCREMENT, AUTO_INCREMENT=6;

--
-- AUTO_INCREMENT for table `log_items`
--
ALTER TABLE `log_items`
  MODIFY `item_id` int NOT NULL AUTO_INCREMENT;

--
-- AUTO_INCREMENT for table `medication_knowledge`
--
ALTER TABLE `medication_knowledge`
  MODIFY `med_id` int NOT NULL AUTO_INCREMENT;

--
-- AUTO_INCREMENT for table `redemptions`
--
ALTER TABLE `redemptions`
  MODIFY `redemption_id` int NOT NULL AUTO_INCREMENT;

--
-- AUTO_INCREMENT for table `restaurants`
--
ALTER TABLE `restaurants`
  MODIFY `restaurant_id` int NOT NULL AUTO_INCREMENT, AUTO_INCREMENT=19;

--
-- AUTO_INCREMENT for table `rewards`
--
ALTER TABLE `rewards`
  MODIFY `reward_id` int NOT NULL AUTO_INCREMENT;

--
-- AUTO_INCREMENT for table `users`
--
ALTER TABLE `users`
  MODIFY `user_id` int NOT NULL AUTO_INCREMENT, AUTO_INCREMENT=6;

--
-- Constraints for dumped tables
--

--
-- Constraints for table `daily_logs`
--
ALTER TABLE `daily_logs`
  ADD CONSTRAINT `daily_logs_ibfk_1` FOREIGN KEY (`user_id`) REFERENCES `users` (`user_id`);

--
-- Constraints for table `log_items`
--
ALTER TABLE `log_items`
  ADD CONSTRAINT `log_items_ibfk_1` FOREIGN KEY (`log_id`) REFERENCES `daily_logs` (`log_id`),
  ADD CONSTRAINT `log_items_ibfk_2` FOREIGN KEY (`food_id`) REFERENCES `foods` (`food_id`);

--
-- Constraints for table `redemptions`
--
ALTER TABLE `redemptions`
  ADD CONSTRAINT `redemptions_ibfk_1` FOREIGN KEY (`user_id`) REFERENCES `users` (`user_id`),
  ADD CONSTRAINT `redemptions_ibfk_2` FOREIGN KEY (`reward_id`) REFERENCES `rewards` (`reward_id`);
COMMIT;

/*!40101 SET CHARACTER_SET_CLIENT=@OLD_CHARACTER_SET_CLIENT */;
/*!40101 SET CHARACTER_SET_RESULTS=@OLD_CHARACTER_SET_RESULTS */;
/*!40101 SET COLLATION_CONNECTION=@OLD_COLLATION_CONNECTION */;
